Time,Open,High,Low,Close,Volume,RSI,SMA
2022-09-21 03:29:59,19537.02,19634.62,18711.87,18875,324098.3286,0,0
2022-09-22 03:29:59,18874.31,19956,18125.98,18461.36,385034.10021,0,0
2022-09-23 03:29:59,18461.36,19550.17,18356.39,19401.63,379321.72111,0,0
2022-09-24 03:29:59,19401.63,19500,18531.42,19289.91,385886.91829,0,0
2022-09-25 03:29:59,19288.57,19316.14,18805.34,18920.5,239496.56746,0,0
2022-09-26 03:29:59,18921.99,19180.21,18629.2,18807.38,191191.4492,0,0
2022-09-27 03:29:59,18809.13,19318.96,18680.72,19227.82,439239.21943,0,0
2022-09-28 03:29:59,19226.68,20385.86,18816.32,19079.13,593260.74161,0,0
2022-09-29 03:29:59,19078.1,19790,18471.28,19412.82,521385.45547,0,0
2022-09-30 03:29:59,19412.82,19645.52,18843.01,19591.51,406424.93256,0,0
2022-10-01 03:29:59,19590.54,20185,19155.36,19422.61,444322.9534,0,0
2022-10-02 03:29:59,19422.61,19484,19159.42,19310.95,165625.13959,0,0
2022-10-03 03:29:59,19312.24,19395.91,18920.35,19056.8,206812.47032,0,0
2022-10-04 03:29:59,19057.74,19719.1,18959.68,19629.08,293585.75212,0,0
2022-10-05 03:29:59,19629.08,20475,19490.6,20337.82,327012.00127,65.09493540264995,0
2022-10-06 03:29:59,20337.82,20365.6,19730,20158.26,312239.75224,62.59679555642674,0
2022-10-07 03:29:59,20158.26,20456.6,19853,19960.67,320122.1702,59.87380309587039,0
2022-10-08 03:29:59,19960.67,20068.82,19320,19530.09,220874.83913,54.32768500725857,0
2022-10-09 03:29:59,19530.09,19627.38,19237.14,19417.96,102480.09842,52.95209791846632,0
2022-10-10 03:29:59,19416.52,19558,19316.04,19439.02,113900.82681,53.19182100753598,0
2022-10-11 03:29:59,19439.96,19525,19020.25,19131.87,212509.09849,49.25037164743248,19355.34238095239
2022-10-12 03:29:59,19131.87,19268.09,18860,19060,243473.84286,48.34762058868693,19364.15190476191
2022-10-13 03:29:59,19060,19238.31,18965.88,19155.53,213826.26731,49.66823926269811,19397.207619047625
2022-10-14 03:29:59,19155.1,19513.79,18190,19375.13,399756.68337,52.66431643771221,19395.94571428572
2022-10-15 03:29:59,19375.58,19951.87,19070.37,19176.93,351634.32601,49.783896831868354,19390.56571428572
2022-10-16 03:29:59,19176.93,19227.68,18975.18,19069.39,113847.64232,48.24213636996386,19397.65571428572
2022-10-17 03:29:59,19068.4,19425.84,19063.74,19262.98,131894.61885,51.17357313805794,19419.35095238096
2022-10-18 03:29:59,19262.98,19676.96,19152.03,19549.86,222813.87634,55.22101372304859,19434.686190476194
2022-10-19 03:29:59,19548.48,19706.66,19091,19327.44,260313.07848,51.64644062725235,19446.51047619048
2022-10-20 03:29:59,19327.44,19360.16,19065.97,19123.97,186137.29538,48.55028472656746,19432.75571428572
2022-10-21 03:29:59,19123.35,19347.82,18900,19041.92,223530.13068,47.31838537928939,19406.584761904767
2022-10-22 03:29:59,19041.92,19250,18650,19164.37,269310.75769,49.382569471589036,19394.287619047624
2022-10-23 03:29:59,19164.37,19257,19112.72,19204.35,110403.90837,50.07045417028709,19389.21142857143
2022-10-24 03:29:59,19204.29,19695,19070.11,19570.4,167057.20184,55.97033500048953,19413.668571428578
2022-10-25 03:29:59,19570.4,19601.15,19157,19329.72,256168.14467,51.648872541949395,19399.413333333338
2022-10-26 03:29:59,19330.6,20415.87,19237,20080.07,326370.67061,61.60255410575386,19387.139523809525
2022-10-27 03:29:59,20079.02,21020,20050.41,20771.59,380492.69576,68.11680541205082,19416.34571428572
2022-10-28 03:29:59,20771.61,20872.21,20200,20295.11,328643.57791,60.50047821050306,19432.271428571432
2022-10-29 03:29:59,20295.11,20750,20000.09,20591.84,287039.94569,63.25585462090929,19482.830952380955
2022-10-30 03:29:59,20591.84,21085,20554.01,20809.67,254881.77755,65.17631244564552,19549.102857142858
2022-10-31 03:29:59,20809.68,20931.21,20515,20627.48,192795.60886,62.24596346370704,19605.696190476192
2022-11-01 03:29:59,20627.48,20845.92,20237.95,20490.74,303567.61628,60.06326269110277,19670.404285714285
2022-11-02 03:29:59,20490.74,20700,20330.74,20483.62,279932.43771,59.94539143529427,19738.195714285714
2022-11-03 03:29:59,20482.81,20800,20048.04,20151.84,373716.27299,54.57115206986751,19785.639047619046
2022-11-04 03:29:59,20151.84,20393.32,20031.24,20207.82,319185.1544,55.29933841510216,19825.29095238095
2022-11-05 03:29:59,20207.12,21302.05,20180.96,21148.52,453694.39165,65.35040057893566,19919.17619047619
2022-11-06 03:29:59,21148.52,21480.65,21080.65,21299.37,245621.98525,66.6455809179347,20025.365714285716
2022-11-07 03:29:59,21299.37,21365.27,20886.13,20905.58,230036.97217,60.30816524787201,20103.584761904764
2022-11-08 03:29:59,20905.58,21069.77,20384.89,20591.13,386977.60337,55.74934756863414,20153.16904761905
2022-11-09 03:29:59,20590.67,20700.88,17166.83,18547.23,760705.362783,36.45802583846335,20116.01619047619
2022-11-10 03:29:59,18545.38,18587.76,15588,15922.81,731926.929729,24.658818416579678,19963.579999999998
2022-11-11 03:29:59,15922.68,18199,15754.26,17601.15,608448.36432,38.390886216726315,19894.971904761907
2022-11-12 03:29:59,17602.45,17695,16361.6,17070.31,393552.86492,36.14678925532096,19795.254761904762
2022-11-13 03:29:59,17069.98,17119.1,16631.39,16812.08,167819.96035,35.07277187659425,19681.337142857148
2022-11-14 03:29:59,16813.16,16954.28,16229,16329.85,184960.78846,33.09517195358412,19527.02523809524
2022-11-15 03:29:59,16331.78,17190,15815.21,16619.46,380210.7775,35.44921231289174,19397.965238095243
2022-11-16 03:29:59,16617.72,17134.69,16527.72,16900.57,282461.84391,37.7391258495608,19246.56047619048
2022-11-17 03:29:59,16900.57,17015.92,16378.61,16662.76,261493.40809,36.55762506648167,19050.901904761908
2022-11-18 03:29:59,16661.61,16751,16410.74,16692.56,228038.97873,36.82453299390912,18879.35190476191
2022-11-19 03:29:59,16692.56,17011,16546.04,16700.45,214224.18184,36.90022591535362,18694.047619047622
2022-11-20 03:29:59,16699.43,16822.41,16553.53,16700.68,104963.15558,36.90259922165399,18498.381428571432
2022-11-21 03:29:59,16700.68,16753.33,16180,16280.23,154842.13478,34.35851449537594,18291.369523809528
2022-11-22 03:29:59,16279.5,16319,15476,15781.29,324096.997753,31.576512568569136,18067.110000000004
2022-11-23 03:29:59,15781.29,16315,15616.63,16226.94,239548.06623,36.52059989734606,17864.410952380957
2022-11-24 03:29:59,16227.96,16706,16160.2,16603.11,264927.70408,40.433154899671095,17695.42380952381
2022-11-25 03:29:59,16603.11,16812.63,16458.05,16598.95,206565.92346,40.40349699570529,17523.57285714286
2022-11-26 03:29:59,16599.55,16666,16342.81,16522.14,182089.49533,39.82267589956094,17303.269047619047
2022-11-27 03:29:59,16521.35,16701.99,16385,16458.57,181804.81666,39.3188925230709,17072.754761904762
2022-11-28 03:29:59,16457.61,16600,16401,16428.78,162025.47607,39.06945960184955,16859.573809523812
2022-11-29 03:29:59,16428.77,16487.04,15995.27,16212.91,252695.40367,37.2265187669586,16651.087142857144
2022-11-30 03:29:59,16212.18,16548.71,16100,16442.53,248106.25009,40.44460166244397,16550.863333333335
2022-12-01 03:29:59,16442.91,17249,16428.3,17163.64,303019.80719,49.24455107129847,16609.950476190475
2022-12-02 03:29:59,17165.53,17324,16855.01,16977.37,232818.18218,47.30031432053082,16580.246666666666
2022-12-03 03:29:59,16978,17105.73,16787.85,17092.74,202372.2062,48.652526084344764,16581.31476190476
2022-12-04 03:29:59,17092.13,17188.98,16858.74,16885.2,154542.57306,46.34860825402668,16584.796666666665
2022-12-05 03:29:59,16885.2,17202.84,16878.25,17105.7,178619.13387,49.10612750997069,16621.741904761904
2022-12-06 03:29:59,17106.65,17424.25,16867,16966.35,233703.29225,47.446447641527705,16638.260476190473
2022-12-07 03:29:59,16966.35,17107.01,16906.37,17088.96,218730.76883,49.0772600417071,16647.231428571427
2022-12-08 03:29:59,17088.96,17142.21,16678.83,16836.64,220657.41334,45.919293040223224,16655.51142857143
2022-12-09 03:29:59,16836.64,17299,16733.49,17224.1,236417.97804,51.12060587014734,16680.822857142855
2022-12-10 03:29:59,17224.1,17360,17058.21,17128.56,238422.06465,49.84752137418651,16701.209047619046
2022-12-11 03:29:59,17128.56,17227.72,17092,17127.49,140573.97937,49.832553586872145,16721.533333333333
2022-12-12 03:29:59,17127.49,17270.99,17071,17085.05,155286.47871,49.2014965285205,16759.858095238094
2022-12-13 03:29:59,17085.05,17241.89,16871.85,17209.83,226227.49694,51.159831282161136,16827.88380952381
2022-12-14 03:29:59,17208.93,18000,17080.14,17774.7,284462.9139,58.88674536664138,16901.586666666666
2022-12-15 03:29:59,17775.82,18387.95,17660.94,17803.15,266681.22209,59.236544208068054,16958.73142857143
2022-12-16 03:29:59,17804.01,17854.82,17275.51,17356.34,223701.96882,51.784707445307134,16994.797619047622
2022-12-17 03:29:59,17356.96,17531.73,16527.32,16632.12,253379.04116,42.46086777163549,17000.034761904764
2022-12-18 03:29:59,16631.5,16796.82,16579.85,16776.52,144825.66684,44.60259450579573,17015.175238095242
2022-12-19 03:29:59,16777.54,16863.26,16663.07,16738.21,112619.31646,44.133245119417396,17029.910000000003
2022-12-20 03:29:59,16739,16815.99,16256.3,16438.88,179094.28305,40.543374456781976,17040.67047619048
2022-12-21 03:29:59,16438.88,17061.27,16397.2,16895.56,248808.92324,47.552789326093844,17062.243333333336
2022-12-22 03:29:59,16896.15,16925,16723,16824.67,156810.96362,46.633738751212356,17046.101904761905
2022-12-23 03:29:59,16824.68,16868.52,16559.85,16821.43,176044.27235,46.589419192450094,17038.67619047619
2022-12-24 03:29:59,16821.9,16955.14,16731.13,16778.5,161612.00947,45.96606755417473,17023.712380952384
2022-12-25 03:29:59,16778.52,16869.99,16776.62,16836.12,100224.29096,46.991225128299554,17021.37523809524
2022-12-26 03:29:59,16835.73,16857.96,16721,16832.11,125441.07202,46.924501520781334,17008.347142857143
2022-12-27 03:29:59,16832.11,16944.52,16791,16919.39,124564.00656,48.63409458523754,17006.110952380954
2022-12-28 03:29:59,16919.39,16972.83,16592.37,16706.36,173749.58616,44.83785021726698,16987.891904761906
2022-12-29 03:29:59,16706.06,16785.19,16465.33,16547.31,193037.56577,42.189959692971854,16974.114285714284
2022-12-30 03:29:59,16547.32,16664.41,16488.91,16633.47,160998.47158,44.115288706661495,16945.98904761905
2022-12-31 03:29:59,16633.47,16677.35,16333,16607.48,164916.31174,43.643114035224436,16921.175714285713
2023-01-01 03:29:59,16607.48,16644.09,16470,16542.4,114490.42864,42.418786137002144,16893.31428571429
2023-01-02 03:29:59,16541.77,16628,16499.01,16616.75,96925.41374,44.33986152993222,16871.01428571429
2023-01-03 03:29:59,16617.17,16799.23,16548.7,16672.87,121888.57191,45.80949213391195,16845.444761904764
2023-01-04 03:29:59,16672.78,16778.4,16605.28,16675.18,159541.53733,45.872843810931094,16793.086666666666
2023-01-05 03:29:59,16675.65,16991.87,16652.66,16850.36,220362.18862,50.59026491431023,16747.715714285714
2023-01-06 03:29:59,16850.36,16879.82,16753,16831.85,163473.56641,50.09347001046507,16722.739999999998
2023-01-07 03:29:59,16831.85,17041,16679,16950.65,207401.28415,53.26553556531779,16737.908095238094
2023-01-08 03:29:59,16950.31,16981.91,16908,16943.57,104526.5688,53.04913192519918,16745.862857142853
2023-01-09 03:29:59,16943.83,17176.99,16911,17127.83,135155.89695,57.848794987920115,16764.416190476186
2023-01-10 03:29:59,17127.83,17398.8,17104.66,17178.26,266211.52723,59.08169358792708,16799.624761904757
2023-01-11 03:29:59,17179.04,17499,17146.34,17440.66,221382.42581,64.84377221687309,16825.5819047619
2023-01-12 03:29:59,17440.64,18000,17315.6,17943.26,262221.60653,72.7570865583988,16878.848095238092
2023-01-13 03:29:59,17943.26,19117.04,17892.05,18846.62,454568.32178,81.02453679713167,16975.28571428571
2023-01-14 03:29:59,18846.62,20000,18714.12,19930.01,368615.87823,86.36767687666584,17125.357619047616
2023-01-15 03:29:59,19930.01,21258,19888.05,20954.92,393913.74951,89.40662948703866,17321.49095238095
2023-01-16 03:29:59,20952.76,21050.74,20551.01,20871.5,178542.22549,87.69311147385471,17513.842857142856
2023-01-17 03:29:59,20872.99,21474.05,20611.48,21185.65,293078.08262,88.58069680739307,17716.998095238094
2023-01-18 03:29:59,21185.65,21647.45,20841.31,21134.81,275407.74409,87.48111056013117,17927.876666666667
2023-01-19 03:29:59,21132.29,21650,20407.15,20677.47,350916.01949,78.09025082528153,18124.55095238095
2023-01-20 03:29:59,20677.47,21192,20659.19,21071.59,251385.84925,80.07523996846369,18335.89
2023-01-21 03:29:59,21071.59,22755.93,20861.28,22667.21,338079.13659,85.7171046421387,18624.448571428573
2023-01-22 03:29:59,22666,23371.8,22422,22783.55,346445.48432,86.0277607176071,18921.64619047619
2023-01-23 03:29:59,22783.35,23078.71,22292.37,22707.88,253577.75286,84.73679418262944,19211.7
2023-01-24 03:29:59,22706.02,23180,22500,22916.45,293588.37938,85.38768505403223,19509.013333333336
2023-01-25 03:29:59,22917.81,23162.2,22462.93,22632.89,293158.78254,80.36966504806604,19792.71380952381
2023-01-26 03:29:59,22631.94,23816.73,22300,23060.94,346042.83223,82.08154003632578,20088.455714285716
2023-01-27 03:29:59,23060.42,23282.47,22850.01,23009.65,288924.43581,81.16815708072089,20382.636666666673
2023-01-28 03:29:59,23009.65,23500,22534.88,23074.16,280833.86315,81.44778605970654,20674.232380952384
2023-01-29 03:29:59,23074.16,23189,22878.46,23022.6,148115.71085,80.41995034382,20963.710000000003
2023-01-30 03:29:59,23021.4,23960.54,22967.76,23742.3,295688.79204,83.54202991192813,21278.684761904762
2023-01-31 03:29:59,23743.37,23800.51,22500,22826.15,302405.90121,68.5563165814726,21547.631904761907
2023-02-01 03:29:59,22827.38,23320,22714.77,23125.13,264649.34909,70.42104447100269,21818.320952380956
2023-02-02 03:29:59,23125.13,23812.66,22760.23,23732.66,310790.42271,73.81872899204726,22094.006666666668
2023-02-03 03:29:59,23731.41,24255,23363.27,23488.94,364177.20751,70.32860891607653,22315.069523809525
2023-02-04 03:29:59,23489.33,23715.7,23204.62,23431.9,332571.02904,69.50041085698602,22481.826190476193
2023-02-05 03:29:59,23431.9,23587.78,23253.96,23326.84,166126.47295,67.91404147301378,22594.774761904766
2023-02-06 03:29:59,23327.66,23433.33,22743,22932.91,209251.33917,62.18274130582706,22692.937142857147
2023-02-07 03:29:59,22932.91,23158.25,22628.13,22762.52,265371.6069,59.83079145640391,22768.026190476194
2023-02-08 03:29:59,22762.52,23350.25,22745.78,23240.46,308006.72482,63.9496905270049,22868.29523809524
2023-02-09 03:29:59,23242.42,23452,22665.85,22963,280056.30717,60.097098129065465,22977.130000000005
2023-02-10 03:29:59,22961.85,23011.39,21688,21796.35,402894.6955,47.21656376359014,23011.642380952384
2023-02-11 03:29:59,21797.83,21938.16,21451,21625.19,338591.94247,45.67003466546972,22962.02238095238
2023-02-12 03:29:59,21625.19,21906.32,21599.78,21862.55,177021.58433,48.20371749267866,22918.16523809524
2023-02-13 03:29:59,21862.02,22090,21630,21783.54,204435.65163,47.41112080326251,22874.14904761905
2023-02-14 03:29:59,21782.37,21894.99,21351.07,21773.97,295730.76791,47.30965118492731,22819.745238095238
2023-02-15 03:29:59,21774.63,22319.08,21532.77,22199.84,361958.40109,52.21118353033199,22799.12380952381
2023-02-16 03:29:59,22199.84,24380,22047.28,24324.05,375669.16111,68.13433117903007,22859.271904761907
2023-02-17 03:29:59,24322.87,25250,23505.25,23517.72,450080.68366,59.96642305230814,22883.465714285714
2023-02-18 03:29:59,23517.72,25021.11,23339.37,24569.97,496813.21376,65.73861269068078,22954.694761904764
2023-02-19 03:29:59,24568.24,24877,24430,24631.95,216917.25213,66.04912901491728,23031.33047619048
2023-02-20 03:29:59,24632.05,25192,24192.57,24271.76,300395.99542,62.50384533471396,23056.542857142864
2023-02-21 03:29:59,24272.51,25121.23,23840.83,24842.2,346938.56997,65.64863032504694,23152.545238095245
2023-02-22 03:29:59,24843.89,25250,24148.34,24452.16,376000.82868,61.830167978859826,23215.737142857146
2023-02-23 03:29:59,24450.67,24476.05,23574.69,24182.21,379425.75365,59.26101028806493,23237.144285714294
2023-02-24 03:29:59,24182.21,24599.59,23608,23940.2,398400.45437,56.975348394959866,23258.632857142864
2023-02-25 03:29:59,23940.2,24132.35,22841.19,23185.29,343582.57453,50.440055684833695,23246.88952380953
2023-02-26 03:29:59,23184.04,23219.13,22722,23157.07,191311.8101,50.20820984576708,23238.805238095243
2023-02-27 03:29:59,23157.07,23689.99,23059.18,23554.85,202323.73623,53.45579105291488,23268.421428571433
2023-02-28 03:29:59,23554.85,23897.99,23106.77,23492.09,283706.0859,52.86987521289607,23303.162857142863
2023-03-01 03:29:59,23492.09,23600,23020.97,23141.57,264140.99894,49.599960958075364,23298.453809523813
2023-03-02 03:29:59,23141.57,24000,23020.03,23628.97,315287.41737,53.872134113388285,23330.16666666667
2023-03-03 03:29:59,23629.76,23796.93,23195.9,23465.32,239315.45219,52.27004733812659,23409.641428571435
2023-03-04 03:29:59,23465.32,23476.95,21971.13,22354.34,319954.19785,42.93514632440162,23444.362857142864
2023-03-05 03:29:59,22354.34,22410,22157.08,22346.57,121257.38132,42.87747160993428,23467.41142857144
2023-03-06 03:29:59,22346.57,22662.09,22189.22,22430.24,154841.75786,43.75366538924649,23498.206666666676
2023-03-07 03:29:59,22430.24,22602.19,22258,22410,203751.82957,43.579524541798584,23528.49380952382
2023-03-08 03:29:59,22409.41,22557.91,21927,22197.96,292519.80912,41.70675398269065,23528.404285714296
2023-03-09 03:29:59,22198.56,22287,21580,21705.44,301460.57272,37.658600074271654,23403.708571428582
2023-03-10 03:29:59,21704.37,21834.99,20042.72,20362.22,443658.28584,29.30460133634003,23253.446666666678
2023-03-11 03:29:59,20362.21,20367.78,19549.09,20150.69,618456.4671,28.242082933004077,23043.004761904776
2023-03-12 03:29:59,20150.69,20686.51,19765.03,20455.73,427831.82133,32.06724113926018,22844.137142857155
2023-03-13 03:29:59,20455.73,22150,20270.6,21997.11,430944.94288,47.342195917167814,22735.820476190485
2023-03-14 03:29:59,21998.05,24500,21813.88,24113.48,687889.31259,60.48139395434742,22701.11952380953
2023-03-15 03:29:59,24112.27,26386.87,23976.42,24670.41,699360.93423,63.09132070334851,22711.51238095239
2023-03-16 03:29:59,24670.41,25196.97,23896.95,24285.66,581450.72984,60.136523245695315,22716.438571428578
2023-03-17 03:29:59,24285.66,25167.4,24123,24998.78,439421.32998,63.54445123688666,22766.84714285715
2023-03-18 03:29:59,24998.78,27756.84,24890,27395.13,624460.68091,72.15808883098929,22967.315714285724
2023-03-19 03:29:59,27395.13,27724.85,26578,26907.49,371238.97174,68.60572787263159,23145.90714285715
2023-03-20 03:29:59,26907.49,28390.1,26827.22,27972.87,372066.99054,71.86465205685457,23356.289047619055
2023-03-21 03:29:59,27972.87,28472,27124.47,27717.01,477378.23373,69.9857000425249,23557.475714285723
2023-03-22 03:29:59,27717.01,28438.55,27303.1,28105.47,420929.7422,71.21618772056533,23793.851904761912
2023-03-23 03:29:59,28107.81,28868.05,26601.8,27250.97,224113.41296,64.91206153892254,23966.328095238103
2023-03-24 03:29:59,27250.97,28750,27105,28295.41,128649.60818,68.57385162575986,24196.332380952386
2023-03-25 03:29:59,28295.42,28374.3,27000,27454.47,86242.06544,62.883507305912524,24439.19571428572
2023-03-26 03:29:59,27454.46,27787.33,27156.09,27462.95,50844.08102,62.916924599332305,24682.83285714286
2023-03-27 03:29:59,27462.96,28194.4,27417.76,27968.05,49671.70353,64.9416318489,24946.538095238102
2023-03-28 03:29:59,27968.05,28023.86,26508.14,27124.91,88039.46898,59.137266408706914,25171.057619047624
2023-03-29 03:29:59,27124.9,27520,26631.78,27261.07,78602.44341,59.762719443441334,25412.158095238097
2023-03-30 03:29:59,27261.06,28650,27240.1,28348.6,89486.16008,64.44392286852127,25728.49904761905
2023-03-31 03:29:59,28348.6,29184.68,27686,28028.53,98865.43256,62.15214041632691,26093.561428571436
2023-04-01 03:29:59,28028.53,28656.69,27511.71,28465.36,78198.12139,64.03214179670474,26489.498095238105
2023-04-02 03:29:59,28465.36,28819.71,28220.27,28452.73,30238.44753,63.93325933559757,26870.307619047628
2023-04-03 03:29:59,28452.74,28530,27856.43,28171.87,37365.65692,61.65319019601062,27164.34380952382
2023-04-04 03:29:59,28171.87,28500.99,27200.24,27800,79180.01405,58.66972380121389,27339.89238095239
2023-04-05 03:29:59,27800,28444.44,27662.79,28165.47,49722.55691,60.68338759142986,27506.323809523816
2023-04-06 03:29:59,28165.47,28775,27805.1,28170.01,60737.64732,60.708997060260636,27691.292857142864
2023-04-07 03:29:59,28170.01,28182.05,27711,28033.82,40118.94963,59.4578517740094,27835.818571428576
2023-04-08 03:29:59,28033.83,28100,27766.94,27906.33,24762.09387,58.24767485886107,27860.161428571428
2023-04-09 03:29:59,27906.34,28154.99,27859.02,27938.38,19479.96735,58.47648242583852,27909.25142857143
2023-04-10 03:29:59,27938.38,28530,27800,28323.76,32531.16101,61.22789027697707,27925.960476190477
2023-04-11 03:29:59,28323.76,29770,28170,29637.34,67754.0622,68.81334569458873,28017.404761904763
2023-04-12 03:29:59,29637.35,30550,29590,30200.42,67990.07621,71.39665991555128,28117.16428571429
2023-04-13 03:29:59,30200.43,30486,29637.4,29888.07,62049.48451,68.03025288236306,28242.74047619048
2023-04-14 03:29:59,29888.07,30595,29854.59,30373.84,51934.11731,70.37012645220582,28341.713333333333
2023-04-15 03:29:59,30373.84,31000,29966,30466.93,75984.19452,70.81101538957158,28485.163809523812
2023-04-16 03:29:59,30466.93,30595.6,30202,30295.09,25429.81247,68.77657092236093,28620.02761904762
2023-04-17 03:29:59,30295.1,30549.99,30120,30304.65,26431.99322,68.83022429249792,28731.294285714288
2023-04-18 03:29:59,30304.66,30316.06,29240.65,29430.27,56441.81127,58.86669760372936,28841.073333333334
2023-04-19 03:29:59,29430.27,30485,29096.78,30380.01,62004.89434,64.82306054063041,28989.59428571429
2023-04-20 03:29:59,30380.01,30413.53,28520,28797.1,86575.48656,51.45052986967825,29010.951428571432
2023-04-21 03:29:59,28797.1,29088.3,28010,28243.65,76879.09372,47.742081214443054,29021.195238095243
2023-04-22 03:29:59,28243.65,28374.02,27125,27262.84,77684.7679,41.96882997686783,28963.932380952385
2023-04-23 03:29:59,27262.84,27882.72,27140.35,27816.85,36023.69686,45.94506342579999,28933.652380952386
2023-04-24 03:29:59,27816.85,27816.85,27311.25,27590.6,34812.09581,44.60102689533679,28905.97285714286
2023-04-25 03:29:59,27590.59,28000,26942.82,27510.93,53111.56874,44.11168012135035,28892.207619047625
2023-04-26 03:29:59,27510.93,28399.99,27192,28300.79,52325.14637,49.97204442289378,28898.651428571437
2023-04-27 03:29:59,28300.8,30036,27235,28415.29,129228.40403,50.77780239105469,28910.331428571437
2023-04-28 03:29:59,28415.29,29890,28378.86,29472.77,95430.82431,57.57412546789579,28978.85285714287
2023-04-29 03:29:59,29472.77,29599.54,28891,29311.7,54298.16578,56.299034576448214,29045.77523809525
2023-04-30 03:29:59,29311.69,29448.88,29031,29230.45,20466.83058,55.62974470199159,29107.30238095239
2023-05-01 03:29:59,29230.45,29969.39,29079.59,29233.21,39752.5372,55.649032684314946,29150.609523809533
2023-05-02 03:29:59,29233.2,29337.34,27666.95,28068.26,64433.65958,46.467290245614414,29075.891428571438
2023-05-03 03:29:59,28068.26,28879.88,27872,28669.86,50824.5224,50.96658886856146,29003.007619047625
2023-05-04 03:29:59,28669.85,29266.66,28113.69,29026.16,64615.79213,53.46136680044717,28961.964285714297
2023-05-05 03:29:59,29026.16,29379.83,28663.64,28838.16,42575.47501,51.95916371580114,28888.83666666668
2023-05-06 03:29:59,28838.16,29677,28800,29505.61,58415.83048,56.61961105176443,28843.059523809534
2023-05-07 03:29:59,29505.6,29820,28300,28848.2,49249.28459,51.336987337158405,28774.16000000001
2023-05-08 03:29:59,28848.19,29138.29,28395.23,28430.1,30003.41028,48.2535134105757,28684.89571428572
2023-05-09 03:29:59,28430.09,28631.01,27262,27668.79,68244.36179,43.16901525993892,28601.015714285724
2023-05-10 03:29:59,27668.8,27818,27353,27628.27,40113.31069,42.90985477518871,28469.980476190485
2023-05-11 03:29:59,27628.28,28331.42,26777,27598.75,71155.11355,42.708693431946905,28412.9161904762
2023-05-12 03:29:59,27598.74,27630.14,26702.05,26968.62,47635.31365,38.553858122100934,28352.200476190486
2023-05-13 03:29:59,26968.61,27091.12,25811.46,26795.01,67207.93494,37.47223396740919,28329.92285714287
2023-05-14 03:29:59,26795.01,27045.45,26692.03,26775.28,22814.90421,37.34401079316595,28280.324285714298
2023-05-15 03:29:59,26775.27,27200,26560.53,26917.62,21594.8036,38.96660174562046,28248.277619047632
2023-05-16 03:29:59,26917.61,27663.59,26726,27162.14,40430.08333,41.75697616836656,28231.668571428585
2023-05-17 03:29:59,27162.15,27296.89,26852.11,27033.84,33270.45451,40.70539250565559,28171.33761904763
2023-05-18 03:29:59,27033.85,27500,26544.71,27405.61,42958.97785,45.02562812250762,28123.257619047625
2023-05-19 03:29:59,27405.62,27485.33,26361.2,26821.28,49198.65143,40.0823612418308,27996.9961904762
2023-05-20 03:29:59,26821.28,27183.6,26630,26880.26,28754.13544,40.78898470462081,27881.213333333344
2023-05-21 03:29:59,26880.26,27150,26825.11,27102.43,14434.54718,43.4923571637538,27779.879047619062
2023-05-22 03:29:59,27102.42,27277.55,26666.03,26747.78,21347.87279,40.327163514013215,27661.525238095255
2023-05-23 03:29:59,26747.78,27099.89,26538.21,26849.27,26458.83828,41.63616203146331,27603.478095238115
2023-05-24 03:29:59,26849.28,27495.83,26798.11,27219.61,38700.83858,46.268040977274154,27534.41857142859
2023-05-25 03:29:59,27219.61,27219.61,26080.5,26329.01,54393.0657,38.37976011354403,27405.982857142873
2023-05-26 03:29:59,26329,26631.98,25871.89,26473.79,37435.44895,40.16568081939973,27293.393809523826
2023-05-27 03:29:59,26473.8,26932.16,26327.24,26705.92,35061.18713,43.017285408603655,27160.075238095258
2023-05-28 03:29:59,26705.93,26895,26551,26854.27,15095.6867,44.82698557545316,27065.126190476214
2023-05-29 03:29:59,26854.28,28261.32,26764.36,28065,43916.00855,56.86679597505081,27047.7404761905
2023-05-30 03:29:59,28065.01,28447.14,27524.6,27736.4,42385.41945,53.45719142704005,27050.960000000025
2023-05-31 03:29:59,27736.39,28038.59,27554,27694.4,32686.75371,53.019620677354126,27054.109047619073
2023-06-01 03:29:59,27694.39,27835.51,26839.01,27210.35,46588.80573,48.129913582914405,27035.61380952383
2023-06-02 03:29:59,27210.36,27350,26605.05,26817.93,39217.8088,44.54337933072722,27028.43809523812
2023-06-03 03:29:59,26817.93,27300,26505,27242.59,36380.90269,48.9745797810256,27049.751428571453
2023-06-04 03:29:59,27242.59,27333.29,26914.93,27069.22,16595.34117,47.31246560763332,27063.748571428594
2023-06-05 03:29:59,27069.22,27455.02,26951,27115.21,19258.41049,47.818385539864636,27073.157619047637
2023-06-06 03:29:59,27115.2,27129.33,25388,25728.2,65805.60305,36.45052836246972,27004.87476190478
2023-06-07 03:29:59,25728.2,27355.33,25351.02,27230.08,68392.60438,50.243897981548024,27014.21952380954
2023-06-08 03:29:59,27230.07,27391.77,26125.01,26339.34,59619.44364,44.1266041489928,26963.44476190478
2023-06-09 03:29:59,26339.34,26810,26210,26498.61,31075.51083,45.40652888547487,26948.079523809538
2023-06-10 03:29:59,26498.62,26783.33,26269.91,26477.81,27934.7097,45.260709668270316,26928.915238095255
2023-06-11 03:29:59,26477.8,26533.87,25358,25841.21,64944.60108,40.92849275747661,26868.857142857152
2023-06-12 03:29:59,25841.22,26206.88,25634.7,25925.55,30014.29595,41.72433632072359,26829.703333333346
2023-06-13 03:29:59,25925.54,26106.48,25602.11,25905.19,29900.50893,41.57870677543365,26784.74714285715
2023-06-14 03:29:59,25905.2,26433.21,25712.57,25934.25,41065.60853,41.89045932817349,26723.539523809533
2023-06-15 03:29:59,25934.24,26098,24820.56,25128.6,45077.31608,36.133600548646946,26666.37714285715
2023-06-16 03:29:59,25128.6,25759.01,24800,25598.49,48664.86063,41.20841423635034,26624.696190476196
2023-06-17 03:29:59,25598.49,26518,25175.56,26345,51596.91662,48.24445955519004,26607.509523809527
2023-06-18 03:29:59,26345.01,26839.99,26181,26516.99,27842.2195,49.736959954913935,26591.448571428573
2023-06-19 03:29:59,26516.99,26700,26255.85,26339.97,21538.31022,48.19640884490383,26509.304285714286
2023-06-20 03:29:59,26339.98,27068.09,26256.61,26844.35,35872.65974,52.692613160347754,26466.82571428571
2023-06-21 03:29:59,26844.35,28402.74,26652,28307.99,69666.95525,62.786305349906044,26496.044285714284
2023-06-22 03:29:59,28308,30800,28257.99,29993.89,108926.40412,70.57436352574939,26628.59380952381
2023-06-23 03:29:59,29993.89,30500,29525.61,29884.92,59054.5646,69.56103042892732,26774.64095238095
2023-06-24 03:29:59,29884.92,31431.94,29800,30688.5,73931.89635,72.67666050377444,26938.731904761906
2023-06-25 03:29:59,30688.51,30800,30250,30527.43,30513.30135,71.10561041083201,27103.408571428576
2023-06-26 03:29:59,30527.44,31046.01,30277.49,30462.66,30223.44801,70.44613867852027,27262.810952380958
2023-06-27 03:29:59,30462.67,30666,29930,30267.99,45180.41489,68.39302065241405,27478.991428571437
2023-06-28 03:29:59,30267.99,30994.97,30226.17,30692.44,42699.64157,70.41745827980948,27643.865714285723
2023-06-29 03:29:59,30692.44,30709.74,29858.8,30077.41,40463.51937,64.01887412752345,27821.86904761906
2023-06-30 03:29:59,30077.4,30843.98,30049.98,30447.31,36330.62903,66.01880464376791,28009.902380952397
2023-07-01 03:29:59,30447.31,31282,29500,30472,89419.07618,66.15403323516928,28200.101904761916
2023-07-02 03:29:59,30471.99,30661.6,30320.57,30585.9,17501.75075,66.81021125395651,28426.039523809537
2023-07-03 03:29:59,30585.9,30791,30155,30617.03,23286.41019,66.99852765703484,28649.443333333347
2023-07-04 03:29:59,30617.02,31380,30570.27,31156.2,43761.64311,70.15687073968724,28899.491428571444
2023-07-05 03:29:59,31156.2,31350.69,30620,30766.51,33206.11943,65.29311660951831,29129.599047619064
2023-07-06 03:29:59,30766.52,30878.07,30200,30504.81,33215.67122,62.17572470219716,29385.609047619066
2023-07-07 03:29:59,30504.8,31500,29850.45,29895.43,71319.6261,55.52756025075226,29590.22523809526
2023-07-08 03:29:59,29895.42,30449,29701.02,30344.7,34070.53895,59.007629142680464,29780.68714285716
2023-07-09 03:29:59,30344.7,30386.81,30044.47,30284.63,13094.59042,58.3501623079333,29960.098571428593
2023-07-10 03:29:59,30284.63,30445.52,30061.12,30160.71,15388.50196,56.94068899064836,30142.03857142859
2023-07-11 03:29:59,30160.71,31045.78,29950,30411.57,41262.87652,59.09479965540476,30311.90619047621
2023-07-12 03:29:59,30411.57,30813.63,30300,30622.1,28476.83311,60.86426353312,30422.101904761923
2023-07-13 03:29:59,30622.1,30983.25,30210,30380,38108.99669,57.769501369672206,30440.488095238114
2023-07-14 03:29:59,30380,31804.2,30251,31454.23,70772.51836,66.02451420733348,30515.217142857156
2023-07-15 03:29:59,31454.23,31630,29900,30312.01,60749.48424,53.948852859485626,30497.289047619062
2023-07-16 03:29:59,30312,30390.9,30200,30289.52,14118.55329,53.740436751843326,30485.960000000014
2023-07-17 03:29:59,30289.52,30441.46,30064.29,30231.99,15760.1281,53.17453328435019,30474.975714285723
2023-07-18 03:29:59,30232,30336.96,29659.2,30138,30882.76839,52.2072713050847,30468.785714285725
2023-07-19 03:29:59,30138.01,30239.78,29512,29859.13,30003.8601,49.33952814523998,30429.1042857143
2023-07-20 03:29:59,29859.14,30189.09,29761.96,29909.21,25657.36137,49.8720487540845,30421.094761904773
2023-07-21 03:29:59,29909.21,30417.46,29570.96,29800,37540.68193,48.6705691992855,30390.270476190482
2023-07-22 03:29:59,29800,30061.7,29726.34,29901.72,23881.40865,49.88168117289386,30363.11428571429
2023-07-23 03:29:59,29901.72,29999,29625.1,29794,14660.40467,48.5746023449842,30325.404761904767
2023-07-24 03:29:59,29793.99,30350,29730,30083.75,18292.78637,52.202675755703545,30300.01047619048
2023-07-25 03:29:59,30083.75,30099.58,28861.9,29176.5,39628.99691,42.17049549771109,30205.739047619056
2023-07-26 03:29:59,29176.5,29376,29047.65,29228.91,21565.7478,42.853718384392415,30132.520000000008
2023-07-27 03:29:59,29228.91,29690,29096.94,29351.96,33931.63366,44.51128037828933,30077.622380952384
2023-07-28 03:29:59,29351.95,29567.49,29083.85,29222.78,22476.47626,43.09797184275611,30045.59142857143
2023-07-29 03:29:59,29222.78,29542.22,29123.12,29314.14,23993.61627,44.44154871643609,29996.51714285715
2023-07-30 03:29:59,29314.14,29406.92,29256.18,29352.9,10851.36844,45.034524724606854,29952.149047619052
2023-07-31 03:29:59,29352.9,29449,29033.24,29281.09,15706.97441,44.09552100817808,29910.262380952387
2023-08-01 03:29:59,29281.09,29530,29101.8,29232.25,22605.48964,43.432222240812955,29854.104285714293
2023-08-02 03:29:59,29232.26,29739.25,28585.7,29705.99,44719.65162,51.11379456888312,29810.48000000001
2023-08-03 03:29:59,29705.99,30047.5,28927.5,29186.01,48181.65141,44.04410894858339,29753.623333333344
2023-08-04 03:29:59,29186,29433.33,28968,29193.64,26476.91994,44.16614332536779,29645.9761904762
2023-08-05 03:29:59,29193.65,29333.08,28807.54,29113.99,23551.95217,43.109198669209185,29588.92761904763
2023-08-06 03:29:59,29114,29152.23,28978.64,29072.13,11645.52018,42.53311169749269,29530.956666666676
2023-08-07 03:29:59,29072.13,29205.09,28991.88,29088.42,13178.1972,42.853160981838684,29476.500952380964
2023-08-08 03:29:59,29088.43,29276.78,28701.03,29211.06,30966.87746,45.322080324962165,29432.36095238097
2023-08-09 03:29:59,29211.06,30244,29146.45,29770.42,45700.53392,54.89388922526657,29428.136666666684
2023-08-10 03:29:59,29770.41,30160,29376.67,29581.99,38003.88725,51.61589045983034,29412.55476190478
2023-08-11 03:29:59,29581.99,29738,29320.2,29455.75,23463.45373,49.48392320772897,29396.161904761924
2023-08-12 03:29:59,29455.76,29564.52,29252.45,29426.03,20637.0443,48.97109322628977,29373.51000000002
2023-08-13 03:29:59,29426.02,29481.35,29381.56,29430.17,8971.48068,49.050304517931835,29356.184761904784
2023-08-14 03:29:59,29430.18,29474.65,29272.32,29303.84,11101.70947,46.66965084376846,29319.046190476212
2023-08-15 03:29:59,29303.85,29695.32,29102.45,29430.93,31443.11532,49.333822596893995,29331.161904761928
2023-08-16 03:29:59,29430.92,29499.26,29059.6,29200,27503.87691,44.94062663866566,29329.78523809526
2023-08-17 03:29:59,29200.01,29259.85,28723.08,28730.51,32996.69854,37.60818159014182,29300.192380952405
2023-08-18 03:29:59,28730.51,28783.48,25166,26623.41,100271.54033,21.026679451705284,29176.41285714288
2023-08-19 03:29:59,26623.41,26832.6,25619,26054,69790.65711,18.635524194041366,29021.168095238118
2023-08-20 03:29:59,26054,26281,25801.09,26100.01,26160.75343,19.43279744378449,28866.268571428594
2023-08-21 03:29:59,26100.01,26299,25971.05,26189.99,19056.91209,21.061859736616288,28719.073333333356
2023-08-22 03:29:59,26190,26258.42,25812,26126.92,30267.24233,20.745224623475718,28571.2004761905
2023-08-23 03:29:59,26126.92,26139.42,25300,26056,34247.06688,20.374308413783986,28397.391428571456
2023-08-24 03:29:59,26055.99,26819.27,25812.82,26432.72,44023.69978,27.762760276124116,28266.282380952405
2023-08-25 03:29:59,26432.71,26577.87,25864,26180.05,30205.22116,26.018910671953577,28122.77809523812
2023-08-26 03:29:59,26180.05,26314.05,25777.15,26060.01,27753.33772,25.208779770774214,27977.350476190502
2023-08-27 03:29:59,26060,26125.77,25985.92,26017.37,10022.22322,24.91205653163504,27831.88571428574
2023-08-28 03:29:59,26017.38,26182.23,25966.11,26101.77,12099.64216,26.749938697444346,27689.664285714312
2023-08-29 03:29:59,26101.78,26253.99,25864.5,26120,22692.62655,27.16462407821314,27542.470952380976
2023-08-30 03:29:59,26120,28142.85,25922,27716.34,74251.99488,52.515235251249095,27444.657619047637
2023-08-31 03:29:59,27716.34,27768.57,27017.24,27299.99,35448.25848,47.838512823639576,27335.990952380973
2023-09-01 03:29:59,27299.99,27587.51,25655.01,25940.78,51032.80401,36.43201850592438,27168.61142857145
2023-09-02 03:29:59,25940.77,26156,25333.75,25805.05,41032.15056,35.521191263015275,26996.18380952383
2023-09-03 03:29:59,25805.04,25987.5,25752.47,25869.51,16250.77698,36.33524113435671,26826.62857142859
2023-09-04 03:29:59,25869.52,26135,25800,25971.21,17474.47667,37.67223946413179,26667.931904761925
2023-09-05 03:29:59,25971.21,26108.02,25631.21,25826.02,21777.59609,36.49394716087657,26496.26952380954
2023-09-06 03:29:59,25826.03,25915.49,25562.62,25792.1,21323.39337,36.20900805837726,26333.98857142859
2023-09-07 03:29:59,25792.11,26040,25372.51,25759.95,27262.52386,35.92271541534826,26192.533333333347
2023-09-08 03:29:59,25759.95,26443.14,25615.38,26255,27687.49567,43.350244652205404,26174.990000000013
2023-09-09 03:29:59,26255,26445.5,25647.26,25910.5,28999.76471,39.88543450214037,26168.15666666668
2023-09-10 03:29:59,25910.5,25945.09,25796.64,25901.61,10980.62277,39.797037842046706,26158.70904761906
2023-09-11 03:29:59,25901.6,26033.66,25570.57,25841.61,18738.26914,39.166129375172204,26142.119523809535
2023-09-12 03:29:59,25841.6,25900.69,24901,25162.52,41682.32,32.823598774028916,26096.195714285725
2023-09-13 03:29:59,25162.53,26567,25131.48,25840.1,56434.38537,42.780298924220844,26085.914761904773
2023-09-14 03:29:59,25840.1,26405.22,25764.17,26222,31610.82753,47.50316447824453,26075.880476190487
2023-09-15 03:29:59,26222,26860.49,26126.77,26522.73,38333.1725,50.93734280366697,26092.198571428584
2023-09-16 03:29:59,26522.73,26888,26224,26600,26227.29369,51.80964839062351,26117.912380952395
2023-09-17 03:29:59,26599.99,26777,26445,26559.67,13960.93351,51.297009407841855,26143.736190476204
2023-09-18 03:29:59,26559.67,26623.25,26399,26527.51,12998.10277,50.8648033451532,26164.00952380954
2023-09-19 03:29:59,26527.5,27409,26377.35,26762.51,43000.43256,53.92005683087362,26194.605238095253
2023-09-20 03:29:59,26762.5,27483.57,26667.79,27210.26,36190.52187,59.13402984208334,26170.5061904762
2023-09-21 03:29:59,27210.25,27388.63,26800,27125,34207.21867,57.79303603867717,26162.173333333347
2023-09-22 03:29:59,27125.01,27159.6,26377.7,26568.08,34476.82662,49.84210731312468,26192.04476190477
2023-09-23 03:29:59,26568.08,26743.38,26468.77,26580.14,18198.2292,50.00251666037385,26228.953809523817
2023-09-24 03:29:59,26580.14,26632.81,26509,26575.96,9440.7026,49.9428986070044,26262.59428571429
2023-09-25 03:29:59,26575.97,26738.54,26122.08,26248.38,15706.65771,45.3767972460307,26275.792857142864
2023-09-26 03:29:59,26248.39,26446.15,25990.46,26304.81,26266.2039,46.28780497046473,26298.59238095239
2023-09-27 03:29:59,26304.8,26397.46,26088.34,26221.67,18495.35066,45.094495507789226,26319.048095238108
2023-09-28 03:29:59,26221.68,26850,26112.06,26372.99,34771.57978,47.73547194802245,26348.24047619049
2023-09-29 03:29:59,26373,27308.48,26342.4,27021.39,44517.83491,57.229031553163836,26384.73523809525
2023-09-30 03:29:59,27021.39,27244.89,26665.16,26906.96,28478.76219,55.319266097936314,26432.185714285726
2023-10-01 03:29:59,26906.96,27094.99,26886.31,26962.56,12804.62307,56.08607209054072,26482.707142857158
2023-10-02 03:29:59,26962.57,28065.51,26954.09,27992.57,24602.81468,67.28667155774302,26585.133809523824
2023-10-03 03:29:59,27992.58,28580,27281.44,27494.51,57071.14241,59.39748949758662,26696.180952380964
2023-10-04 03:29:59,27494.51,27676.52,27160.5,27426.46,28928.96555,58.39015499486082,26771.72190476192
2023-10-05 03:29:59,27426.45,27839.72,27202,27778.57,29816.142,61.98284802984202,26845.844285714295
2023-10-06 03:29:59,27778.57,28120.39,27352,27410.39,30681.49619,56.49040893201467,26888.11380952382
2023-10-07 03:29:59,27410.39,28295,27175.94,27931.09,37983.24277,61.664215051618996,26951.499047619058
2023-10-08 03:29:59,27931.1,28029.67,27842.08,27956.67,13348.83825,61.90387946177858,27018.022857142867
2023-10-09 03:29:59,27956.67,28095.14,27687.5,27917.05,19693.56921,61.265012648882355,27084.19142857144
2023-10-10 03:29:59,27917.06,27987.93,27260,27590.12,31534.74639,56.11838647823142,27123.60142857144
2023-10-11 03:29:59,27590.12,27735,27298,27390.12,22776.84383,53.17544815865415,27132.1661904762
2023-10-12 03:29:59,27390.12,27477.39,26538.66,26875.52,37349.44706,46.428802023633516,27120.286190476203
2023-10-13 03:29:59,26875.52,26947.04,26555,26759.63,23428.64112,45.04280262314031,27129.407619047633
2023-10-14 03:29:59,26759.63,27130,26685,26862,24115.76499,46.56037832085945,27142.829523809538
2023-10-15 03:29:59,26862,26989.58,26789,26852.48,10417.25576,46.431970395765504,27155.997142857155
2023-10-16 03:29:59,26852.48,27293.33,26808.25,27154.15,15274.6917,51.03981899458323,27199.129047619062
2023-10-17 03:29:59,27154.14,30000,27112.66,28500.78,78399.22445,65.36286382930206,27303.699047619062
2023-10-18 03:29:59,28500.77,28613.65,28069.32,28395.91,38428.44532,63.79761127660078,27407.234285714298
2023-10-19 03:29:59,28395.91,28982.36,28142.87,28320,32162.47591,62.628494936911224,27499.949047619062
2023-10-20 03:29:59,28320,28916.89,28100.66,28713.71,35895.50179,66.09853084652578,27580.535714285725
2023-10-21 03:29:59,28713.71,30207.55,28578.29,29669.04,59422.0992,72.71809906005629,27712.063333333346
2023-10-22 03:29:59,29669.05,30379.99,29464.77,29909.8,27517.51897,74.09111466626696,27852.40809523811
2023-10-23 03:29:59,29909.8,30248,29640,29992.46,22852.54563,74.56441662139062,27947.640952380967
2023-10-24 03:29:59,29992.46,34741.91,29883.6,33069.99,93513.64246,85.31818809250862,28213.140000000014
2023-10-25 03:29:59,33069.99,35280,32832.34,33922.73,115265.02418,86.96293121975248,28522.486190476204
2023-10-26 03:29:59,33922.73,35132.85,33679.05,34496.05,54887.02529,87.94105304494757,28842.36619047621
2023-10-27 03:29:59,34496.05,34824.13,33751,34151.66,39744.66255,83.8704380530336,29163.37904761907
2023-10-28 03:29:59,34151.66,34245,33390.95,33892.02,32330.40106,80.83262664444295,29447.23285714288
2023-10-29 03:29:59,33892.01,34493.33,33860,34081,16880.13144,81.36178438872989,29738.86761904764
2023-10-30 03:29:59,34081.01,34750.11,33930,34525.89,20685.52176,82.58096521284679,30053.574285714305
2023-10-31 03:29:59,34525.88,34856,34062.84,34474.73,33657.95976,81.91737132898821,30381.412857142877
2023-11-01 03:29:59,34474.74,34720.49,34025,34639.77,32737.89822,82.40847070067375,30726.634285714306
2023-11-02 03:29:59,34639.78,35582,34097.39,35421.43,53473.28165,84.54881207060674,31133.5823809524
2023-11-03 03:29:59,35421.43,35984.99,34300,34941.59,48015.57732,78.25444979101299,31523.199523809544
2023-11-04 03:29:59,34941.58,34946.5,34120,34716.78,39071.20644,75.42147249959285,31897.236666666686
2023-11-05 03:29:59,34716.78,35255,34585.18,35062.07,18377.55545,76.81010067503992,32288.16952380954
2023-11-06 03:29:59,35062.06,35380,34448,35011.88,24528.73376,76.13674842482034,32662.34714285716
2023-11-07 03:29:59,35011.89,35276.33,34725.9,35046.09,22346.47086,76.28932520902886,32974.028571428586
2023-11-08 03:29:59,35046.09,35888,34523.06,35399.12,38688.73692,77.86234326720451,33307.51476190478
2023-11-09 03:29:59,35399.13,36106,35100,35624.72,33401.34137,78.82893838350229,33655.35857142859
2023-11-10 03:29:59,35624.72,37972.24,35534.05,36701.09,82537.88885,82.70828211235055,34035.710000000014
2023-11-11 03:29:59,36701.1,37526,36324.71,37301.63,43414.04898,84.42325541153302,34399.16666666668
2023-11-12 03:29:59,37301.63,37408.26,36666.93,37130,22984.97235,81.92257181497786,34742.98571428572
2023-11-13 03:29:59,37129.99,37222.22,36731.1,37064.13,17687.18874,80.93175187912661,35079.73190476192
2023-11-14 03:29:59,37064.13,37417.99,36333,36462.93,32798.18252,72.3328547038517,35241.30047619049
2023-11-15 03:29:59,36462.93,36744,34800,35551.19,45503.68416,61.63728263471741,35318.8461904762
2023-11-16 03:29:59,35551.2,37980,35360,37858.2,53569.13385,72.65532306259678,35478.94857142858
2023-11-17 03:29:59,37858.2,37929.54,35500,36163.51,47490.39566,59.203835465659,35574.75095238096
2023-11-18 03:29:59,36163.51,36800,35861.1,36613.92,38283.61112,61.256886912087936,35704.36523809525
2023-11-19 03:29:59,36613.91,36845.49,36178.58,36568.1,17102.24186,60.92101062707718,35822.798571428575
2023-11-20 03:29:59,36568.11,37500,36384.02,37359.86,21246.34648,64.5392363634306,35957.74952380953
2023-11-21 03:29:59,37359.85,37750,36677,37448.78,36022.70291,64.93193081885562,36099.37095238096
2023-11-22 03:29:59,37448.79,37649.44,35735,35741.65,47646.54804,52.834886127191204,36151.84142857144
2023-11-23 03:29:59,35741.65,37861.1,35632.01,37408.34,45051.30697,60.5603852947983,36246.456190476194
2023-11-24 03:29:59,37408.35,37653.44,36870,37294.28,23827.92882,59.838037707115966,36358.489047619056
2023-11-25 03:29:59,37294.27,38414,37251.51,37713.57,44680.80646,61.64896298072931,36501.193333333336
2023-11-26 03:29:59,37713.57,37888,37591.1,37780.67,11396.14464,61.944691731679946,36630.65047619048
2023-11-27 03:29:59,37780.67,37814.63,37150,37447.43,21264.53723,59.49117907555744,36746.629047619055
2023-11-28 03:29:59,37447.42,37569.23,36707,37242.7,30001.07376,57.97199125972454,36851.22952380953
2023-11-29 03:29:59,37242.7,38377,36868.41,37818.87,37544.46667,60.9910850262346,36966.45571428572
2023-11-30 03:29:59,37818.88,38450,37570,37854.64,32994.19107,61.177539934930834,37072.64238095239
2023-12-01 03:29:59,37854.65,38145.85,37500,37723.96,24740.29147,60.04830176577731,37121.350476190484
2023-12-02 03:29:59,37723.97,38999,37615.86,38682.52,43415.66324,65.13236446221869,37187.10714285715
2023-12-03 03:29:59,38682.51,39717.14,38641.61,39450.35,26696.92161,68.58136615516682,37297.60000000001
2023-12-04 03:29:59,39450.35,40250,39274.86,39972.26,26710.65335,70.70272146237309,37436.08238095239
2023-12-05 03:29:59,39972.26,42420,39972.26,41991.1,79272.33059,77.13411516289347,37699.32857142858
2023-12-06 03:29:59,41991.1,44488,41414,44073.32,67490.74644,81.61655203574331,38105.14428571429
2023-12-07 03:29:59,44073.82,44297.21,43335.28,43762.69,51431.10492,79.12460286366752,38386.31047619049
2023-12-08 03:29:59,43762.69,44047.33,42821.1,43273.14,47103.26845,75.22635630280061,38724.8642857143
2023-12-09 03:29:59,43273.15,44700,43081.1,44170.99,42900.37556,77.42325718071574,39084.72476190477
2023-12-10 03:29:59,44171,44358.02,43584.51,43713.6,24925.97008,73.83131970549454,39424.98666666668
2023-12-11 03:29:59,43713.59,44049,43563,43789.51,18956.61758,74.04652347812649,39731.16047619049
2023-12-12 03:29:59,43789.5,43804.5,40222,41253.4,76663.89804,57.13976683734595,39912.332857142865
2023-12-13 03:29:59,41253.41,42104.12,40680,41492.39,42722.69773,58.1104066459605,40186.17761904763
2023-12-14 03:29:59,41492.38,43475.2,40555,42869.03,45865.99773,63.270357960384516,40446.21047619049
2023-12-15 03:29:59,42869.03,43420,41400,43022.26,42047.05709,63.804797487383084,40718.97142857144
2023-12-16 03:29:59,43022.26,43080.81,41666,41940.3,33421.7932,57.44838876611744,40920.2442857143
2023-12-17 03:29:59,41940.29,42724.43,41605,42278.03,24118.85747,58.82722208114022,41134.4042857143
2023-12-18 03:29:59,42278.02,42424.07,41252,41374.65,27722.11452,53.80491542610536,41321.41476190478
2023-12-19 03:29:59,41374.64,42757.81,40542.93,42657.8,46734.0925,59.140799552810975,41579.27666666669
2023-12-20 03:29:59,42657.8,43497,41811.1,42275.99,40927.86444,57.02989897132946,41791.5204761905
2023-12-21 03:29:59,42275.99,44283,42206,43668.93,48710.2947,62.31463296127825,42068.39142857145
2023-12-22 03:29:59,43668.92,44242.35,43286.72,43861.8,34624.29384,62.99329587726661,42360.66952380955
2023-12-23 03:29:59,43861.79,44398.26,43412.54,43969.04,32783.19638,63.388098890067766,42612.4085714286
2023-12-24 03:29:59,43969.04,43988.68,43291.1,43702.16,16557.1293,61.62608812274698,42814.87571428574
2023-12-25 03:29:59,43702.15,43946,42500,42991.5,25144.33496,57.076338844925836,42958.649047619074
2023-12-26 03:29:59,42991.5,43802.32,42720.43,43576.13,27021.23992,59.71150393794026,43034.12666666669
2023-12-27 03:29:59,43576.12,43592.68,41637.6,42508.93,41010.04282,53.28116075653098,42959.63190476194
2023-12-28 03:29:59,42508.93,43677,42098.69,43428.85,36191.21136,57.527128523164805,42943.734761904794
2023-12-29 03:29:59,43428.86,43787.57,42241.79,42563.76,35150.52485,52.678550592527365,42909.954761904795
2023-12-30 03:29:59,42563.76,43111,41300,42066.95,42597.18912,50.06866530836776,42809.762380952416
2023-12-31 03:29:59,42066.94,42612.32,41520.3,42140.28,22906.57818,50.458813897743624,42734.84238095242
2024-01-01 03:29:59,42140.29,42899,41965.84,42283.58,23585.91603,51.26028712773354,42663.13142857146
2024-01-02 03:29:59,42283.58,44184.1,42180.77,44179.55,27174.29903,60.3906884830248,42802.47190476194
2024-01-03 03:29:59,44179.55,45879.63,44148.34,44946.91,65146.40661,63.38067745931878,42966.97285714289
2024-01-04 03:29:59,44946.91,45500,40750,42845.23,81194.55173,51.838737142607194,42965.839523809555
2024-01-05 03:29:59,42845.23,44729.58,42613.77,44151.1,48038.06334,57.06993911962063,43019.59380952384
2024-01-06 03:29:59,44151.1,44357.46,42450,44145.11,48075.25327,57.03933431357638,43124.58476190479
2024-01-07 03:29:59,44145.12,44214.42,43397.05,43968.32,17835.06144,56.08339120784013,43205.07476190479
2024-01-08 03:29:59,43968.32,44480.59,43572.09,43929.02,23023.8508,55.85927542955004,43326.711428571456
2024-01-09 03:29:59,43929.01,47248.99,43175,46951.04,72814.57589,66.83451457443932,43531.15142857145
2024-01-10 03:29:59,46951.04,47972,44748.67,46110,69927.66617,62.19935772391359,43713.72333333336
2024-01-11 03:29:59,46110,47695.93,44300.36,46653.99,89911.41203,63.941295757038475,43855.86904761907
2024-01-12 03:29:59,46654,48969.48,45606.06,46339.16,87470.3296,62.1560947665069,43973.83857142859
2024-01-13 03:29:59,46339.16,46515.53,41500,42782.73,86327.93707,46.397347831682765,43917.347619047636
2024-01-14 03:29:59,42782.74,43257,42436.12,42847.99,36118.47464,46.66456924457665,43876.672857142876
2024-01-15 03:29:59,42847.99,43079,41720,41732.35,28228.40894,42.74174444823931,43816.71333333335
2024-01-16 03:29:59,41732.35,43400.43,41718.05,42511.1,40269.89303,46.145013157659825,43765.99761904763
2024-01-17 03:29:59,42511.1,43578.01,42050,43137.95,45045.74589,48.78386601755944,43795.95095238096
2024-01-18 03:29:59,43137.94,43198,42200.69,42776.1,33266.21388,47.34180481853944,43764.867619047625
2024-01-19 03:29:59,42776.09,42930,40683.28,41327.5,43907.51641,41.99046261295038,43705.9980952381
2024-01-20 03:29:59,41327.51,42196.86,40280,41659.03,48342.74559,43.56278826167816,43686.57333333335
2024-01-21 03:29:59,41659.03,41872.56,41456.3,41696.04,15923.99493,43.74609427524436,43665.41904761906
2024-01-22 03:29:59,41696.05,41881.39,41500.98,41580.33,11730.16301,43.27287394450501,43631.930952380964
2024-01-23 03:29:59,41580.32,41689.65,39431.58,39568.02,55426.19911,35.98285852850825,43412.3342857143
2024-01-24 03:29:59,39568.02,40176.74,38555,39897.6,57956.63351,37.83018200917551,43171.89095238096
2024-01-25 03:29:59,39897.59,40555,39484.19,40084.88,39293.82861,38.90897793645727,43040.44571428573
2024-01-26 03:29:59,40084.89,40300.24,39550,39961.09,31022.11853,38.43423686003877,42840.92142857144
2024-01-27 03:29:59,39961.09,42246.82,39822.52,41823.51,47384.96726,48.596226264788065,42730.36904761906
2024-01-28 03:29:59,41823.51,42200,41394.34,42120.63,16224.41667,50.01374565497441,42642.383809523824
2024-01-29 03:29:59,42120.63,42842.68,41620.81,42031.06,27294.99838,49.56996538315867,42552.00476190478
2024-01-30 03:29:59,42031.05,43333,41804.88,43302.7,31542.74207,55.594233240437795,42378.274285714295
2024-01-31 03:29:59,43302.71,43882.36,42683.99,42941.1,37619.24546,53.632273290211074,42227.37428571429
2024-02-01 03:29:59,42941.1,43745.11,42276.84,42580,39871.13688,51.67120493337429,42033.37476190477
2024-02-02 03:29:59,42580,43285.13,41884.28,43082.94,35231.04664,54.18399999039121,41878.31666666667
2024-02-03 03:29:59,43082.95,43488,42546.79,43200,29672.14418,54.77341598098114,41898.186666666676
2024-02-04 03:29:59,43199.99,43380.01,42880,43011.09,12033.40998,53.575565479745656,41905.95333333334
2024-02-05 03:29:59,43011.1,43119.04,42222,42582.88,17066.89404,50.86038337821556,41946.454761904766
2024-02-06 03:29:59,42582.88,43569.76,42258.1,42708.7,29467.75905,51.6359733925968,41955.86428571429
2024-02-07 03:29:59,42708.7,43399.98,42574,43098.95,24675.85433,54.05804951750031,41954.00714285715
2024-02-08 03:29:59,43098.96,44396.5,42788,44349.6,34392.59915,60.828440619606084,42028.93571428572
2024-02-09 03:29:59,44349.6,45614.3,44331.1,45288.65,45439.62231,64.99924098649016,42217.56190476191
2024-02-10 03:29:59,45288.66,48200,45242.12,47132.77,73503.481,71.43219636073444,42478.216190476196
2024-02-11 03:29:59,47132.78,48170,46800,47751.09,24802.35936,73.21011823388146,42766.55190476191
2024-02-12 03:29:59,47751.08,48592.66,47557.16,48299.99,29958.80837,74.71454552998037,43086.53571428572
2024-02-13 03:29:59,48300,50334.82,47710.01,49917.27,59009.96705,78.53868262442984,43579.357142857145
2024-02-14 03:29:59,49917.28,50368.61,48300.95,49699.59,55551.56706,76.85388966809195,44046.118571428575
2024-02-15 03:29:59,49699.6,52043.71,49225.01,51795.17,57046.37401,81.06501598109283,44603.751428571435
2024-02-16 03:29:59,51795.17,52816.62,51314,51880,53816.03055,81.21401524413096,45171.31857142858
2024-02-17 03:29:59,51880.01,52572.08,51566,52124.11,37772.25318,81.66122401244475,45661.82333333334
2024-02-18 03:29:59,52124.1,52162.82,50625,51642.64,25674.00622,77.7308135940547,46115.25238095239
2024-02-19 03:29:59,51642.64,52377,51163.28,52137.67,21992.10363,78.8575548594747,46596.51952380953
2024-02-20 03:29:59,52137.68,52488.77,51677,51774.73,29534.99432,75.82827749663595,46999.94952380954
2024-02-21 03:29:59,51774.74,52985,50760.37,52258.82,49614.47318,77.09229551434237,47443.65047619049
2024-02-22 03:29:59,52258.82,52366.8,50625,51849.39,43079.40049,73.58730539179412,47885.05000000001
2024-02-23 03:29:59,51849.38,52065.78,50940.78,51288.42,35309.44574,68.96110250443095,48275.78714285716
2024-02-24 03:29:59,51288.42,51548.54,50521,50744.15,30545.79544,64.71044966523142,48635.0323809524
2024-02-25 03:29:59,50744.15,51698,50585,51568.22,16560.4211,67.93329974394919,49042.51476190478
2024-02-26 03:29:59,51568.21,51958.55,51279.8,51728.85,18721.63159,68.53648191894564,49478.03714285716
2024-02-27 03:29:59,51728.85,54910,50901.44,54476.47,51256.72199,76.63318813683424,50038.40714285717
2024-02-28 03:29:59,54476.48,57588.15,54450.13,57037.34,67194.98562,81.429788158059,50702.14000000003
2024-02-29 03:29:59,57037.35,64000,56691.85,62432.1,118763.46984,87.33011431558135,51563.211428571456
2024-03-01 03:29:59,62432.11,63676.35,60364.7,61130.98,78425.07603,80.67255732598294,52317.60809523813
2024-03-02 03:29:59,61130.99,63114.23,60777,62387.9,47737.93473,82.09277260361289,53044.042857142886
2024-03-03 03:29:59,62387.9,62433.19,61561.12,61987.28,25534.73659,80.07312210153756,53721.956666666694
2024-03-04 03:29:59,61987.28,63231.88,61320,63113.97,28994.90903,81.45495546770675,54427.38428571431
2024-03-05 03:29:59,63113.97,68499,62300,68245.71,84835.16005,86.16188938870505,55300.167142857164
2024-03-06 03:29:59,68245.71,69000,59005,63724.01,132696.7813,69.43825070349776,55967.99666666669
2024-03-07 03:29:59,63724.01,67641.1,62779.14,66074.04,78738.85491,72.43300585795497,56647.94285714288
2024-03-08 03:29:59,66074.04,67980,65551,66823.17,53059.8869,73.3301698374484,57359.5223809524
2024-03-09 03:29:59,66823.18,69990,66082.66,68124.19,74261.932842,74.8603850097774,58121.430952380964
2024-03-10 03:29:59,68124.2,68541.1,67861.1,68313.27,19872.89743,75.08413066079265,58915.2704761905
2024-03-11 03:29:59,68313.28,69887.61,68094.75,68955.88,38404.66835,75.87015690652048,59716.137619047644
2024-03-12 03:29:59,68955.88,72800,67024.96,72078.1,75292.825726,79.28888923839904,60682.9647619048
2024-03-13 03:29:59,72078.1,73000,68620.82,71452.01,68783.546691,76.93496589258991,61596.926190476224
2024-03-14 03:29:59,71452,73650.25,71333.31,73072.41,52659.711647,78.69766184560218,62607.54619047622
2024-03-15 03:29:59,73072.4,73777,68555,71388.94,71757.628746,72.49866854028163,63564.71380952384
2024-03-16 03:29:59,71388.94,72419.71,65600,69499.85,103334.03546,66.19734392322015,64457.842380952425
2024-03-17 03:29:59,69499.84,70043,64780,65300.63,55926.95336,54.796102231699216,65111.76666666671
2024-03-18 03:29:59,65300.64,68904.4,64533,68393.48,49742.21589,60.22923640511585,65905.3204761905
2024-03-19 03:29:59,68393.47,68956,66565.2,67609.99,55691.08088,58.31705362259386,66530.72619047623
2024-03-20 03:29:59,67610,68124.11,61555,61937.4,101005.32487,46.74544010986731,66764.06238095241
2024-03-21 03:29:59,61937.41,68100,60775,67840.51,90420.58592,56.43347020026802,67021.60571428573
2024-03-22 03:29:59,67840.51,68240.47,64529.01,65501.27,53357.48002,52.367891641026745,67229.71476190479
2024-03-23 03:29:59,65501.28,66649.62,62260,63796.64,51482.37821,49.56564478852227,67296.79761904765
2024-03-24 03:29:59,63796.64,65999,63000,63990.01,26410.11409,49.893197833263656,67392.16571428573
2024-03-25 03:29:59,63990.02,67628.69,63772.29,67209.99,31395.78015,55.120223295529314,67587.2142857143
2024-03-26 03:29:59,67210,71150,66385.06,69880.01,53431.14486,58.944709365476655,67665.03809523812
2024-03-27 03:29:59,69880,71561.1,69280,69988,38934.38417,59.09653190035997,67963.32333333336
2024-03-28 03:29:59,69987.99,71769.54,68359.18,69469.99,49119.35685,57.98876032343809,68125.03523809525
2024-03-29 03:29:59,69469.99,71552.06,68903.62,70780.6,35439.03239,60.030216385175464,68313.48428571431
2024-03-30 03:29:59,70780.6,70916.16,69009,69850.54,25445.08353,57.88074902180283,68395.69142857146
2024-03-31 03:29:59,69850.53,70321.1,69540,69582.18,13644.61142,57.24383448130549,68456.11571428574
2024-04-01 03:29:59,69582.17,71366,69562.99,71280.01,19396.34433,60.22584445884289,68566.78857142861
2024-04-02 03:29:59,71280,71288.23,68062.86,69649.8,41445.32039,56.1746355490388,68451.15523809528
2024-04-03 03:29:59,69649.81,69674.23,64550,65463.99,71799.82793,47.36462401734723,68166.01142857147
2024-04-04 03:29:59,65463.99,66903.63,64493.07,65963.28,39887.21778,48.40408823740738,67827.48142857147
2024-04-05 03:29:59,65963.27,69309.91,65064.52,68487.79,41510.48453,53.41364662523905,67689.33142857147
2024-04-06 03:29:59,68487.8,68756.67,65952.56,67820.62,37915.23073,51.97735565532795,67609.36809523814
2024-04-07 03:29:59,67820.63,69692,67447.83,68896,20134.28919,54.11893335549659,67780.57619047623
2024-04-08 03:29:59,68896,70326.29,68824,69360.39,21534.74433,55.051139664033265,67826.61952380957
2024-04-09 03:29:59,69360.38,72797.99,69043.24,71620,45723.87624,59.376219972203145,68017.57238095242
2024-04-10 03:29:59,71620,71758.19,68210,69146,39293.90242,53.326072252899216,68360.8390476191
2024-04-11 03:29:59,69146,71172.08,67518,70631.08,42006.02377,56.21049122401819,68493.72333333339
2024-04-12 03:29:59,70631.08,71305.89,69567.21,70006.23,31917.25595,54.679340754996275,68708.24523809529
2024-04-13 03:29:59,70006.22,71227.46,65086.86,67116.52,56072.86229,48.14747596530521,68866.33476190481
2024-04-14 03:29:59,67116.52,67929,60660.57,63924.51,71395.22019,42.15679528632364,68863.21571428578
2024-04-15 03:29:59,63924.52,65840,62134,65661.84,61599.17818,46.08855001515313,68789.49428571435
2024-04-16 03:29:59,65661.85,66867.07,62274.4,63419.99,52389.53069,42.110808429774806,68481.87428571435
2024-04-17 03:29:59,63419.99,64365,61600,63793.39,53435.29331,42.99332261664366,68186.89285714291
2024-04-18 03:29:59,63793.4,64499,59678.16,61277.37,50610.54509,38.71096734950772,67796.76809523816
2024-04-19 03:29:59,61277.38,64117.09,60803.35,63470.08,43601.60918,43.9506397632503,67448.64809523815
2024-04-20 03:29:59,63470.09,65450,59600.01,63818.01,69774.30271,44.75766800971981,67161.38476190482
2024-04-21 03:29:59,63818.01,65419,63090.07,64940.59,23137.42975,47.38974500464962,66940.35666666673
2024-04-22 03:29:59,64940.58,65695.56,64237.5,64941.15,19316.42152,47.391091612947044,66638.50619047626
2024-04-23 03:29:59,64941.15,67232.35,64500,66819.32,31397.99371,51.84314676390379,66503.72142857149
2024-04-24 03:29:59,66819.32,67183.01,65765.81,66414,22599.90004,50.84318857277973,66548.96000000006
2024-04-25 03:29:59,66414,67070.43,63606.06,64289.59,33595.69637,45.85127672634912,66469.26047619054
2024-04-26 03:29:59,64289.58,65297.94,62794,64498.34,31341.46338,46.40808570420719,66279.28666666674
2024-04-27 03:29:59,64498.33,64820.01,63297.48,63770.01,27085.19346,44.68171430120708,66086.40047619054
2024-04-28 03:29:59,63770,63923.41,62391.24,63461.98,20933.06052,43.93728527393721,65827.63761904769
2024-04-29 03:29:59,63461.98,64370,62781,63118.62,16949.20005,43.07576045584323,65530.41047619055
2024-04-30 03:29:59,63118.62,64228.35,61765.53,63866,28150.22947,45.57721045562319,65161.172380952456
2024-05-01 03:29:59,63866,64734,59191.6,60672,54947.65535,37.91015987901536,64757.64857142865
2024-05-02 03:29:59,60672.01,60841.63,56552.82,58364.97,81166.46823,33.52350899458975,64173.54809523816
2024-05-03 03:29:59,58364.97,59625,56911.84,59060.61,47583.81961,35.930875604476256,63652.32809523817
2024-05-04 03:29:59,59060.6,63333,58811.32,62882.01,43628.40143,47.23512425202866,63450.684761904835
2024-05-05 03:29:59,62882.01,64540,62541.03,63892.04,24368.69282,49.75833426949884,63449.138571428644
2024-05-06 03:29:59,63892.03,64646,62822.17,64012,18526.75029,50.06376388975854,63370.574761904834
2024-05-07 03:29:59,64012,65500,62700,63165.19,34674.91949,47.852279113928184,63358.441428571496
2024-05-08 03:29:59,63165.18,64422.41,62261,62312.08,25598.79472,45.66382963307019,63287.90285714293
2024-05-09 03:29:59,62312.07,63020.22,60888,61193.03,26121.19004,42.892762433521256,63283.88666666674
2024-05-10 03:29:59,61193.03,63429.03,60630,63074.01,30660.8061,48.5450149114543,63265.02619047626
2024-05-11 03:29:59,63074,63469.13,60187.12,60799.99,36529.34025,43.00349453736479,63121.31095238102
2024-05-12 03:29:59,60799.99,61515,60487.09,60825.99,13374.56936,43.083493854448314,62925.377619047686
2024-05-13 03:29:59,60825.99,61888,60610,61483.99,12753.13236,45.1805495123764,62760.75095238102
2024-05-14 03:29:59,61484,63450,60749.21,62940.08,32733.41839,49.60543872995567,62576.0252380953
2024-05-15 03:29:59,62940.09,63118.36,61142.77,61577.49,29088.72041,45.87384361858384,62345.715238095305
2024-05-16 03:29:59,61577.49,66444.16,61319.47,66206.5,43559.74719,57.55528527892735,62436.99666666673
2024-05-17 03:29:59,66206.51,66752.01,64602.77,65235.21,31106.3671,54.87894992525793,62472.08571428577
2024-05-18 03:29:59,65235.21,67451.2,65106.38,67024,26292.23409,58.6888832843691,62627.037619047675
2024-05-19 03:29:59,67024,67400.01,66600,66915.2,14441.25774,58.36606892459524,62791.47666666672
2024-05-20 03:29:59,66915.2,67700,65857.25,66274.01,18025.30409,56.39728644372356,62941.73333333338
2024-05-21 03:29:59,66274,71515.56,66060.31,71446.62,50816.7011,66.27923148730007,63302.71523809528
2024-05-22 03:29:59,71446.62,71979,69162.94,70148.34,49607.4336,62.45337940527025,63753.969523809574
2024-05-23 03:29:59,70148.34,70666,68842.19,69166.62,27673.18026,59.649486785173444,64268.333809523865
2024-05-24 03:29:59,69166.62,70096.12,66312.16,67969.65,40513.17374,56.32888426225659,64692.573809523856
2024-05-25 03:29:59,67969.66,69250,66600.12,68549.99,28095.83664,57.56240062210085,64962.47761904766
2024-05-26 03:29:59,68549.99,69610,68500,69290.57,12130.39418,59.14815689752163,65219.550476190525
2024-05-27 03:29:59,69290.56,69562.23,68128.01,68507.67,11872.11797,56.73462621042526,65433.63000000004
2024-05-28 03:29:59,68507.67,70687.56,68250,69436.43,23136.92737,58.87832751303104,65732.26047619052
2024-05-29 03:29:59,69436.43,69591.81,67277.91,68398.39,32622.97042,55.56459654449314,66022.0847619048
2024-05-30 03:29:59,68398.4,68935.68,67124.65,67652.42,23159.83149,53.2454088182878,66329.6747619048
2024-05-31 03:29:59,67652.41,69500,67128,68352.17,28478.2184,55.13702088776016,66581.01571428574
2024-06-01 03:29:59,68352.17,69044.1,66670,67540.01,26690.32184,52.482968005549914,66901.96904761907
2024-06-02 03:29:59,67540.01,67900,67428.44,67766.85,8837.66133,53.16113302080709,67232.48619047622
2024-06-03 03:29:59,67766.84,68460,67257.47,67765.63,15426.32529,53.15673892743421,67531.61190476193
2024-06-04 03:29:59,67765.62,70288,67612.48,68809.9,29633.374,56.47316127871015,67811.12714285716
2024-06-05 03:29:59,68809.89,71063.45,68567.32,70537.84,29619.78489,61.34934549476749,68237.8104761905
2024-06-06 03:29:59,70537.83,71758,70383.66,71108,28703.18082,62.82906446250674,68471.21523809526
2024-06-07 03:29:59,71108,71700,70117.64,70799.06,21842.00449,61.45613040203286,68736.1604761905
2024-06-08 03:29:59,70799.06,71997.02,68420,69355.6,35598.45045,55.36826179304008,68847.18904761907
2024-06-09 03:29:59,69355.6,69582.2,69168.02,69310.46,9773.82967,55.18416086111208,68961.24904761909
2024-06-10 03:29:59,69310.46,69857.14,69130.24,69648.14,9890.56709,56.35332301733291,69121.92190476193
2024-06-11 03:29:59,69648.15,70195.94,69172.29,69540,17122.66941,55.85082022212015,69031.1304761905
2024-06-12 03:29:59,69540,69590.01,66051,67314.24,41436.01588,46.633696009069844,68896.17333333337
2024-06-13 03:29:59,67314.23,69999,66905,68263.99,37175.32356,50.395551935956526,68853.19095238097
2024-06-14 03:29:59,68263.98,68449.3,66251.78,66773.01,29079.55571,45.02922967640494,68796.20809523812
2024-06-15 03:29:59,66773.01,67370.24,65078,66043.99,28408.18797,42.638456748459745,68676.8747619048
2024-06-16 03:29:59,66043.99,66478.48,65857.1,66228.25,11451.80242,43.45562136850746,68531.05000000002
2024-06-17 03:29:59,66228.25,66998.7,66034.5,66676.87,9392.52223,45.49165059030786,68443.86904761907
2024-06-18 03:29:59,66676.86,67298.81,65130,66504.33,27386.16851,44.8231636563477,68304.24523809526
2024-06-19 03:29:59,66504.33,66588.23,64060,65175.32,42350.10244,39.953097889590396,68150.76571428575
2024-06-20 03:29:59,65175.32,65727.54,64666,64974.37,20060.79576,39.258536133188265,68023.23952380956
2024-06-21 03:29:59,64974.37,66482.94,64559.15,64869.99,24265.29031,38.880437147784434,67857.42142857148
2024-06-22 03:29:59,64869.99,65066.66,63379.35,64143.56,25993.56442,36.262887346449304,67695.68571428576
2024-06-23 03:29:59,64143.56,64546.81,63943.82,64262.01,7308.95542,37.007581719711084,67528.78857142862
2024-06-24 03:29:59,64262.01,64521,63178.32,63210.01,8224.45447,33.287656063575724,67311.85428571433
2024-06-25 03:29:59,63210.01,63369.8,58402,60293.3,52161.35414,25.603378762099027,66906.30190476196
2024-06-26 03:29:59,60293.3,62420,60257.06,61806.01,31189.24361,34.10010536110028,66490.50047619053
2024-06-27 03:29:59,61806.01,62487.81,60712,60864.99,22485.66463,31.676491829471516,66002.73809523815
2024-06-28 03:29:59,60864.98,62389.22,60606.63,61706.47,18344.28631,36.053280196684746,65569.75761904767
2024-06-29 03:29:59,61706.46,62225.31,60063,60427.84,24821.19255,32.632526078321156,65144.62619047624
2024-06-30 03:29:59,60427.84,61224,60383.77,60986.68,11509.55904,35.512445013866625,64748.25571428576
2024-07-01 03:29:59,60986.68,63058.76,60712.21,62772.01,17326.30136,43.780986722504046,64420.82095238101
2024-07-02 03:29:59,62772.01,63861.76,62497.2,62899.99,24547.10538,44.33200609481066,64104.630000000056
2024-07-03 03:29:59,62900,63288.83,61806.28,62135.47,18573.11875,41.702482988736264,63858.02190476196
2024-07-04 03:29:59,62135.46,62285.94,59400,60208.58,32160.11127,35.91960631815054,63474.43095238101
2024-07-05 03:29:59,60208.57,60498.19,56771,57050.01,54568.77276,28.855870303791654,63011.43095238101
2024-07-06 03:29:59,57050.02,57546,53485.93,56628.79,81348.24756,28.0632875827354,62563.088095238156
2024-07-07 03:29:59,56628.79,58475,56018,58230.13,21651.31558,35.335034035957825,62182.22523809529
2024-07-08 03:29:59,58230.13,58449.46,55724.37,55857.81,19118.93918,30.427835756010502,61667.03190476197
2024-07-09 03:29:59,55857.81,58236.73,54260.16,56714.62,48090.2049,33.993268590333855,61200.855238095304
2024-07-10 03:29:59,56714.61,58296,56289.45,58050,27732.20788,39.22124445472065,60861.554285714345
2024-07-11 03:29:59,58050,59470,57157.79,57725.85,24951.73799,38.42564880912597,60516.38666666673
2024-07-12 03:29:59,57725.85,59650,57050,57339.89,29761.05735,37.451508971982896,60157.810476190534
2024-07-13 03:29:59,57339.89,58526.68,56542.47,57889.1,23652.4569,39.7905901130695,59859.979047619105
2024-07-14 03:29:59,57889.09,59850,57756.63,59204.02,15357.74519,45.08552767827076,59619.12238095244
2024-07-15 03:29:59,59204.01,61420.69,59194.01,60797.91,21178.33907,50.740496340678,59504.26047619053
2024-07-16 03:29:59,60797.91,64900,60632.3,64724.14,38690.9782,61.309801178178056,59715.25285714291
2024-07-17 03:29:59,64724.06,65388.97,62373.24,65043.99,42530.52915,62.02464882568296,59869.44238095243
2024-07-18 03:29:59,65044,66128.63,63854,64087.99,29567.52954,58.543009374695345,60022.918571428614
2024-07-19 03:29:59,64087.99,65133.3,63238.48,63987.92,22568.7225,58.17489247066761,60131.55904761909
2024-07-20 03:29:59,63987.92,67386,63300.67,66660,35634.72739,64.57953900748085,60428.32857142861
2024-07-21 03:29:59,66660.01,67598,66222.46,67139.96,14386.92434,65.59854145733355,60721.341904761946
2024-07-22 03:29:59,67139.97,68366.66,65777,68165.34,21819.11191,67.7341821055368,60978.167142857186
2024-07-23 03:29:59,68165.35,68474.55,66559.97,67532.01,21451.04303,65.0481204567851,61198.73952380957
2024-07-24 03:29:59,67532,67750.98,65441.08,65936.01,31406.15316,58.727797000042194,61379.71761904767
2024-07-25 03:29:59,65936,67102.01,65111,65376,23082.56277,56.64792717501983,61625.78523809528
2024-07-26 03:29:59,65376.01,66175.49,63456.7,65799.95,35126.42934,57.86451640589523,62042.44904761909
2024-07-27 03:29:59,65799.95,68200,65722.63,67907.99,24244.36023,63.369167316252295,62579.55380952385
2024-07-28 03:29:59,67908,69399.99,66650,67896.5,31710.21921,63.32061021461746,63039.85714285719
2024-07-29 03:29:59,67896.49,68318.43,67066.66,68249.88,10868.69394,64.22847023135438,63629.95571428575
2024-07-30 03:29:59,68249.88,70079.99,66428,66784.69,36467.29633,57.83649058409499,64109.48285714289
2024-07-31 03:29:59,66784.68,67000,65302.67,66188,23132.25441,55.41771318047143,64497.0066666667
2024-08-01 03:29:59,66188,66849.24,64530,64628,22625.43905,49.57978038983053,64825.6804761905
2024-08-02 03:29:59,64628.01,65659.78,62302,65354.02,35542.26854,52.10837237424295,65207.30571428574
2024-08-03 03:29:59,65354.02,65596.14,61230.01,61498.33,38820.42937,40.493851108601234,65379.17380952384
2024-08-04 03:29:59,61498.34,62198.22,59850,60697.99,28034.71567,38.571985996121654,65450.31523809527
2024-08-05 03:29:59,60697.99,61117.63,57122.77,58161,31616.52003,33.19397165418715,65324.74809523813
2024-08-06 03:29:59,58161,58305.59,49000,54018.81,162065.59186,26.65844351941646,64814.970476190516
2024-08-07 03:29:59,54018.82,57040.99,53950,56022.01,55884.77676,33.47956137072167,64385.35238095242
2024-08-08 03:29:59,56022,57736.05,54558.62,55134.16,44269.37684,32.05650666691584,63958.97952380956
2024-08-09 03:29:59,55133.76,62745.14,54730,61685.99,48349.52949,49.21221968328972,63849.36380952385
2024-08-10 03:29:59,61686,61744.37,59535,60837.99,30972.48017,47.53908971895704,63572.12523809528
2024-08-11 03:29:59,60837.99,61470.58,60242,60923.51,9995.20621,47.732085767043756,63276.10380952385
2024-08-12 03:29:59,60923.51,61858,58286.73,58712.59,19189.84512,43.297385369762594,62825.9728571429
2024-08-13 03:29:59,58712.59,60711.09,57642.21,59346.64,37009.91743,44.87901928954812,62436.19333333337
2024-08-14 03:29:59,59346.64,61578.1,58392.88,60587.15,27858.95851,47.93872149996603,62181.48571428574
2024-08-15 03:29:59,60587.16,61800,58433.18,58683.39,28422.76326,43.91038211745664,61862.79000000002
2024-08-16 03:29:59,58683.39,59849.38,56078.54,57541.06,37686.17622,41.64883060191253,61469.50952380955
2024-08-17 03:29:59,57541.05,59817.76,57098.62,58874.6,27610.84344,45.19729468894338,61039.34809523813
2024-08-18 03:29:59,58874.59,59700,58785.05,59491.99,7721.72931,46.810014602092075,60639.13333333337
2024-08-19 03:29:59,59491.99,60284.99,58408.92,58427.35,13634.85717,44.3844350717033,60171.393809523855
2024-08-20 03:29:59,58427.35,59617.63,57787.3,59438.5,22809.31251,47.18368900383167,59821.57523809528
2024-08-21 03:29:59,59438.5,61400,58548.23,59013.8,31477.44548,46.133390668328744,59479.946666666714
2024-08-22 03:29:59,59013.8,61820.93,58783.47,61156.03,27983.6422,51.944181975884575,59314.61476190481
2024-08-23 03:29:59,61156.03,61400,59724.87,60375.84,21241.20588,49.83567543122335,59077.55857142863
2024-08-24 03:29:59,60375.83,64955,60342.14,64037.24,38118.07089,58.37500405921464,59198.4590476191
2024-08-25 03:29:59,64037.24,64494.5,63531,64157.01,15857.15616,58.62312987392475,59363.17428571434
2024-08-26 03:29:59,64157.02,65000,63773.27,64220,12305.47977,58.76235571053143,59651.69809523815
2024-08-27 03:29:59,64219.99,64481,62800,62834,19470.05276,54.42303950170759,60071.469047619095
2024-08-28 03:29:59,62834,63212,58034.01,59415,35135.94178,45.49757367327194,60233.04000000005
2024-08-29 03:29:59,59415,60234.98,57860,59034.9,36868.54275,44.62143058273194,60418.78952380957
2024-08-30 03:29:59,59034.9,61166.99,58713.09,59359.01,27020.90743,45.58369645905973,60307.980952381
2024-08-31 03:29:59,59359,59944.07,57701.1,59123.99,28519.32195,44.97344810980092,60226.36190476195
2024-09-01 03:29:59,59123.99,59462.38,58744,58973.99,8798.409,44.56338905577826,60133.527619047665
2024-09-02 03:29:59,58974,59076.59,57201,57301.86,20705.15741,40.16675399588837,60066.35000000005
2024-09-03 03:29:59,57301.77,59425.69,57128,59132.13,22895.01461,46.4002897525555,60056.13523809529
2024-09-04 03:29:59,59132.12,59809.65,57415,57487.73,22828.18447,42.15135180989286,59908.543809523864
2024-09-05 03:29:59,57487.74,58519,55606,57970.9,35560.82146,43.780366067313324,59874.61571428577
2024-09-06 03:29:59,57970.9,58327.07,55643.65,56180,27806.91413,39.35647959429486,59809.80333333338
2024-09-07 03:29:59,56180,57008,52550,53962.97,54447.76826,34.68408281244494,59575.91619047624
2024-09-08 03:29:59,53962.97,54850,53745.54,54160.86,16694.04774,35.4210554720959,59322.05285714291
